fold,param_DC_N,param_DC_EXIT,is_Sharpe Ratio,is_Return [%],is_Return (Ann.) [%],is_Max. Drawdown [%],is_Win Rate [%],is_Profit Factor,is_# Trades,is_max_bars_close_ratio,is_signal_close_ratio,oos_Sharpe Ratio,oos_Return [%],oos_Return (Ann.) [%],oos_Max. Drawdown [%],oos_Win Rate [%],oos_Profit Factor,oos_# Trades,oos_max_bars_close_ratio,oos_signal_close_ratio,test_regime,test_close_return,test_atr_median_normalized,test_close_range_pct,test_bars,train_bars
0,10,0.5,0.42250260027971176,6.1163706798987,10.342923322198306,-17.844482357970215,36.15023474178404,1.0787681927356596,213.0,0.0,0.8262910798122066,0.2241867800662582,0.5431324294849531,4.033649261128813,-7.413612585523066,34.61538461538461,1.105033644299162,104.0,0.0,0.9038461538461539,down,-0.025046226919606385,1.1938482883103543,0.05630974509949429,1493,3043
0,10,1.0,-0.09105074302377761,-1.3511863140122848,-2.23015260316598,-15.84235743200173,37.2972972972973,0.9440987257663607,185.0,0.0,0.7027027027027027,-0.9323950866179164,-5.900071383070701,-18.088336348528024,-10.34973284269254,30.526315789473685,0.9118924943212912,95.0,0.0,0.7368421052631579,down,-0.025046226919606385,1.1938482883103543,0.05630974509949429,1493,3043
0,10,1.5,0.3718265036489584,6.63564169700148,11.239549172184638,-15.066672393193025,37.735849056603776,1.0293489405437835,159.0,0.012578616352201259,0.610062893081761,-0.08291071903607182,-1.5276845031303237,-2.048212046678255,-13.465785317690692,34.177215189873415,1.0153757422441885,79.0,0.0,0.620253164556962,down,-0.025046226919606385,1.1938482883103543,0.05630974509949429,1493,3043
0,10,2.0,0.414005516842107,7.0406160840570235,11.940816031178336,-13.297027756025926,30.303030303030305,0.9956986447400855,132.0,0.06060606060606061,0.5,-1.1874917146370605,-7.476781370498695,-23.360941653365263,-13.435004339796041,30.985915492957744,0.8335477167126587,71.0,0.014084507042253521,0.49295774647887325,down,-0.025046226919606385,1.1938482883103543,0.05630974509949429,1493,3043
0,20,0.5,-0.4959374209103069,-6.003441647692316,-9.755145858969062,-14.520225233819195,31.746031746031743,0.9893715528566039,126.0,0.007936507936507936,0.6984126984126984,-1.1134650767471839,-4.599904189309792,-16.92440837665883,-10.137239660381592,33.33333333333333,0.8293464339467674,60.0,0.0,0.75,down,-0.025046226919606385,1.1938482883103543,0.05630974509949429,1493,3043
0,20,1.0,-0.05440053234546535,-0.7934788545673015,-1.312067666911465,-17.395951168498115,30.08849557522124,1.0128737239145815,113.0,0.04424778761061947,0.5575221238938053,0.019332546248739133,0.11503385065854527,0.4537116346045922,-9.37014231791833,36.36363636363637,1.0047873287295221,55.0,0.0,0.6181818181818182,down,-0.025046226919606385,1.1938482883103543,0.05630974509949429,1493,3043
0,20,1.5,0.05606445749004551,0.8163794531897991,1.3571025152353755,-17.893046176483463,27.77777777777778,0.9956379069902649,108.0,0.08333333333333333,0.4444444444444444,-0.9072336338294813,-4.74513387250799,-17.42126309031167,-13.109611405228305,34.61538461538461,0.82999301007311,52.0,0.0,0.5,down,-0.025046226919606385,1.1938482883103543,0.05630974509949429,1493,3043
0,20,2.0,0.18132935101049596,2.795372828635422,4.6769143484615805,-20.17593746657941,25.49019607843137,1.0235390174586387,102.0,0.10784313725490197,0.3333333333333333,-0.3968294281010837,-2.2032363605958527,-8.398485962065527,-9.461580505229229,36.17021276595745,0.9019844873350665,47.0,0.06382978723404255,0.425531914893617,down,-0.025046226919606385,1.1938482883103543,0.05630974509949429,1493,3043
0,40,0.5,-1.6827078729804315,-16.615904337285993,-26.011488416093687,-24.28944582398841,19.736842105263158,0.6998077621514505,76.0,0.07894736842105263,0.3026315789473684,-5.792932659717003,-15.859124431772203,-49.33416917425155,-18.15092484251736,26.82926829268293,0.36415861117431697,41.0,0.0,0.4878048780487805,down,-0.025046226919606385,1.1938482883103543,0.05630974509949429,1493,3043
0,40,1.0,-2.138790932056281,-20.323648882017785,-31.38570702608706,-27.48512355337186,18.91891891891892,0.6223365919997002,74.0,0.0945945945945946,0.17567567567567569,-5.10560444502823,-15.513655279649596,-48.51011451228893,-17.63233140862144,22.5,0.41407496301404456,40.0,0.05,0.3,down,-0.025046226919606385,1.1938482883103543,0.05630974509949429,1493,3043
0,40,1.5,-1.8611560561466447,-18.86968929742358,-29.297429350544203,-25.35559071164517,20.27027027027027,0.6084829694371241,74.0,0.10810810810810811,0.16216216216216217,-5.708403676131352,-17.165925670800522,-52.362602260096104,-19.029213562129744,22.5,0.3847971050462967,40.0,0.075,0.2,down,-0.025046226919606385,1.1938482883103543,0.05630974509949429,1493,3043
0,40,2.0,-2.18603730750137,-21.658639332929173,-33.281170320946494,-27.134682687085032,17.56756756756757,0.5634603995022512,74.0,0.12162162162162163,0.13513513513513514,-3.4469675792884744,-12.582254937552593,-41.10906850034025,-14.54864892675597,23.076923076923077,0.5433519409487785,39.0,0.15384615384615385,0.10256410256410256,down,-0.025046226919606385,1.1938482883103543,0.05630974509949429,1493,3043
0,80,0.5,-1.0641663606160743,-10.527616934632894,-16.84172818676829,-17.944613336736992,19.642857142857142,0.7895360775977877,56.0,0.16071428571428573,0.125,-3.3123673208347446,-9.765642179146933,-33.27678229414611,-13.013117658893837,17.857142857142858,0.47362127893064593,28.0,0.17857142857142858,0.10714285714285714,down,-0.025046226919606385,1.1938482883103543,0.05630974509949429,1493,3043
0,80,1.0,-0.9137086892779653,-9.36432216655442,-15.041556556818936,-16.05626498602939,23.214285714285715,0.8807988215254913,56.0,0.19642857142857142,0.07142857142857142,-3.505577575494669,-10.319762153301028,-34.87564145341121,-13.31992997687934,14.285714285714285,0.4548676549371615,28.0,0.17857142857142858,0.07142857142857142,down,-0.025046226919606385,1.1938482883103543,0.05630974509949429,1493,3043
0,80,1.5,-0.9274787458220984,-9.46238300905868,-15.193893530191305,-15.81804848422832,23.214285714285715,0.8756032993410586,56.0,0.21428571428571427,0.03571428571428571,-3.692913674300484,-10.805505539920414,-36.25354103094309,-13.789594381262793,14.285714285714285,0.44071360867883025,28.0,0.21428571428571427,0.03571428571428571,down,-0.025046226919606385,1.1938482883103543,0.05630974509949429,1493,3043
0,80,2.0,-0.9795322048144355,-9.955729595313407,-15.958657653626595,-16.00353146901814,21.428571428571427,0.8645915196872085,56.0,0.21428571428571427,0.017857142857142856,-3.750089047300718,-10.962354730366904,-36.69379065283188,-13.941180457294344,14.285714285714285,0.43633425615322313,28.0,0.21428571428571427,0.0,down,-0.025046226919606385,1.1938482883103543,0.05630974509949429,1493,3043
0,160,0.5,0.22585171615466224,2.519044637718843,4.2108185615501,-12.288489347923592,28.205128205128204,1.5228803385266394,39.0,0.28205128205128205,0.02564102564102564,-3.696551805894927,-8.270621745483146,-28.816879703049437,-9.53235336133652,17.647058823529413,0.3021760810674002,17.0,0.23529411764705882,0.058823529411764705,down,-0.025046226919606385,1.1938482883103543,0.05630974509949429,1493,3043
0,160,1.0,0.22585171615466224,2.519044637718843,4.2108185615501,-12.288489347923592,28.205128205128204,1.5228803385266394,39.0,0.28205128205128205,0.02564102564102564,-3.696551805894927,-8.270621745483146,-28.816879703049437,-9.53235336133652,17.647058823529413,0.3021760810674002,17.0,0.23529411764705882,0.058823529411764705,down,-0.025046226919606385,1.1938482883103543,0.05630974509949429,1493,3043
0,160,1.5,0.19613411947518603,2.1859354959061137,3.6500454856417397,-12.573366445180623,28.205128205128204,1.5053596993173657,39.0,0.28205128205128205,0.0,-3.696551805894927,-8.270621745483146,-28.816879703049437,-9.53235336133652,17.647058823529413,0.3021760810674002,17.0,0.29411764705882354,0.0,down,-0.025046226919606385,1.1938482883103543,0.05630974509949429,1493,3043
0,160,2.0,0.19613411947518603,2.1859354959061137,3.6500454856417397,-12.573366445180623,28.205128205128204,1.5053596993173657,39.0,0.28205128205128205,0.0,-3.696551805894927,-8.270621745483146,-28.816879703049437,-9.53235336133652,17.647058823529413,0.3021760810674002,17.0,0.29411764705882354,0.0,down,-0.025046226919606385,1.1938482883103543,0.05630974509949429,1493,3043
1,10,0.5,0.4609472151500561,5.098603379192762,8.560477459631821,-8.22708315302897,36.574074074074076,1.131693698345237,216.0,0.0,0.8796296296296297,-0.19892528790975647,0.022760133883345406,-3.6369235995626137,-15.098788666870345,30.909090909090907,0.9413651572307543,110.0,0.0,0.8818181818181818,flat,0.006278071725191247,1.278109816571255,0.05806571385018804,1546,3013
1,10,1.0,-0.6140965147863606,-6.5583230317019865,-12.277862362853842,-14.19808012922007,36.92307692307693,0.9590746667443804,195.0,0.0,0.717948717948718,-1.534544378382246,-6.7418354840154056,-25.109356894001845,-19.513445942334407,29.896907216494846,0.7969188379967681,97.0,0.0,0.7319587628865979,flat,0.006278071725191247,1.278109816571255,0.05806571385018804,1546,3013
1,10,1.5,-0.3478831845599843,-4.040461189848371,-7.94565483139179,-15.38398364400031,37.80487804878049,0.9445443890032854,164.0,0.0,0.6341463414634146,0.1923612230261028,2.4232465558334604,4.951726472594897,-14.785426409272484,32.05128205128205,1.0409658097808423,78.0,0.0,0.6538461538461539,flat,0.006278071725191247,1.278109816571255,0.05806571385018804,1546,3013
1,10,2.0,-1.1111442854017086,-12.814591999384783,-22.63488282583235,-18.97894711129684,31.914893617021278,0.7792921875038461,141.0,0.014184397163120567,0.5319148936170213,-1.5539485799283308,-7.870042572321615,-28.320001917417017,-18.379970424651827,28.169014084507044,0.7977153385466893,71.0,0.014084507042253521,0.5070422535211268,flat,0.006278071725191247,1.278109816571255,0.05806571385018804,1546,3013
1,20,0.5,-1.918966567628957,-14.55357943252849,-24.80924698134922,-19.336419428564223,30.952380952380953,0.7447646904602064,126.0,0.0,0.7380952380952381,0.004429016442124718,0.5005421489658649,0.09567778097330226,-13.273473827962256,28.57142857142857,0.8844539724963497,56.0,0.017857142857142856,0.625,flat,0.006278071725191247,1.278109816571255,0.05806571385018804,1546,3013
1,20,1.0,-1.4330493979592354,-13.588286604737082,-23.262199341554158,-21.13966473000207,31.896551724137932,0.7408930825890874,116.0,0.008620689655172414,0.6206896551724138,-0.952335917127574,-4.787318292120495,-17.60320124620027,-16.822169859295922,25.454545454545453,0.7748634035985165,55.0,0.01818181818181818,0.4727272727272727,flat,0.006278071725191247,1.278109816571255,0.05806571385018804,1546,3013
1,20,1.5,-2.1634933952506668,-19.280293541535595,-32.179864683843576,-24.077750628011685,30.275229357798167,0.6321890711127786,109.0,0.009174311926605505,0.5137614678899083,-1.340637931052092,-7.08102786625881,-24.5281670774497,-18.624661089208526,25.454545454545453,0.7553160598872415,55.0,0.03636363636363636,0.32727272727272727,flat,0.006278071725191247,1.278109816571255,0.05806571385018804,1546,3013
1,20,2.0,-1.2573032824467167,-13.286237586792513,-22.77521344792177,-18.246819152924964,28.999999999999996,0.7277895754798525,100.0,0.06,0.39,-1.4380685011816088,-7.739553918292956,-26.436048630237096,-19.20137611445344,25.925925925925924,0.7294250867352703,54.0,0.037037037037037035,0.3148148148148148,flat,0.006278071725191247,1.278109816571255,0.05806571385018804,1546,3013
1,40,0.5,-5.4735105799421495,-30.739778211674267,-48.61867447922377,-31.11298386127522,20.253164556962027,0.37711454945886397,79.0,0.012658227848101266,0.4050632911392405,-0.39046192272608626,-2.1230121640573256,-7.434288489762874,-11.61201470914418,28.125,0.8743593585990668,32.0,0.09375,0.4375,flat,0.006278071725191247,1.278109816571255,0.05806571385018804,1546,3013
1,40,1.0,-4.810809491175611,-29.659501874854406,-47.156550878762516,-29.883139319605924,21.052631578947366,0.4087291043668785,76.0,0.05263157894736842,0.23684210526315788,-1.1671526485085362,-6.085501911610679,-20.230382318535213,-13.409142257721097,28.125,0.7124629727516731,32.0,0.09375,0.28125,flat,0.006278071725191247,1.278109816571255,0.05806571385018804,1546,3013
1,40,1.5,-5.1589636949061175,-31.446941800537136,-49.565826608179094,-31.483857733771547,21.052631578947366,0.38528816624544393,76.0,0.06578947368421052,0.18421052631578946,-0.45900050479696164,-2.5780991737728702,-8.974356830199204,-13.429770638131078,26.666666666666668,0.8955923873522428,30.0,0.13333333333333333,0.2,flat,0.006278071725191247,1.278109816571255,0.05806571385018804,1546,3013
1,40,2.0,-4.341980755940059,-29.064303626486403,-46.34311468441407,-29.102502614249172,18.666666666666668,0.43384745671076835,75.0,0.12,0.12,-0.2272624577218657,-1.306045729463396,-4.622490238167176,-13.19231103728934,26.666666666666668,0.9722180030637039,30.0,0.23333333333333334,0.1,flat,0.006278071725191247,1.278109816571255,0.05806571385018804,1546,3013
1,80,0.5,-4.191454570784891,-23.40619059351048,-38.33354893637262,-26.944754025454266,16.071428571428573,0.41840914808120455,56.0,0.125,0.08928571428571429,-2.066399110297831,-7.926586175982527,-25.718051862160685,-14.053098921097451,25.0,0.5924766385722071,24.0,0.20833333333333334,0.08333333333333333,flat,0.006278071725191247,1.278109816571255,0.05806571385018804,1546,3013
1,80,1.0,-4.285460963480454,-23.876316977663407,-39.01804405568235,-27.202432104774342,14.285714285714285,0.4106028058791739,56.0,0.125,0.07142857142857142,-2.3134925246073603,-8.913111204304988,-28.54360104607363,-14.973981133449765,20.833333333333336,0.5537712004128712,24.0,0.20833333333333334,0.041666666666666664,flat,0.006278071725191247,1.278109816571255,0.05806571385018804,1546,3013
1,80,1.5,-4.350000570672547,-24.074134855214062,-39.305038693334126,-27.391503138611505,14.285714285714285,0.40420151389206666,56.0,0.16071428571428573,0.03571428571428571,-2.3134925246073603,-8.913111204304988,-28.54360104607363,-14.973981133449765,20.833333333333336,0.5537712004128712,24.0,0.20833333333333334,0.041666666666666664,flat,0.006278071725191247,1.278109816571255,0.05806571385018804,1546,3013
1,80,2.0,-4.418400132102912,-24.374256897534593,-39.739296862965915,-27.678523376010777,12.5,0.399998477981839,56.0,0.16071428571428573,0.017857142857142856,-1.503710248397318,-5.9178485002217815,-19.71654288410153,-12.178021511216086,25.0,0.6967498739696121,24.0,0.25,0.0,flat,0.006278071725191247,1.278109816571255,0.05806571385018804,1546,3013
1,160,0.5,-1.7378679732657514,-9.621142884504959,-16.75629475966247,-16.01763356567304,21.21212121212121,0.6835904977747531,33.0,0.24242424242424243,0.030303030303030304,-2.084881366789693,-5.637680918804859,-18.852530643366006,-6.996928132011382,23.076923076923077,0.5593653298187155,13.0,0.23076923076923078,0.0,flat,0.006278071725191247,1.278109816571255,0.05806571385018804,1546,3013
1,160,1.0,-1.7378679732657514,-9.621142884504959,-16.75629475966247,-16.01763356567304,21.21212121212121,0.6835904977747531,33.0,0.24242424242424243,0.030303030303030304,-2.084881366789693,-5.637680918804859,-18.852530643366006,-6.996928132011382,23.076923076923077,0.5593653298187155,13.0,0.23076923076923078,0.0,flat,0.006278071725191247,1.278109816571255,0.05806571385018804,1546,3013
1,160,1.5,-1.7378679732657514,-9.621142884504959,-16.75629475966247,-16.01763356567304,21.21212121212121,0.6835904977747531,33.0,0.2727272727272727,0.0,-2.084881366789693,-5.637680918804859,-18.852530643366006,-6.996928132011382,23.076923076923077,0.5593653298187155,13.0,0.23076923076923078,0.0,flat,0.006278071725191247,1.278109816571255,0.05806571385018804,1546,3013
1,160,2.0,-1.7378679732657514,-9.621142884504959,-16.75629475966247,-16.01763356567304,21.21212121212121,0.6835904977747531,33.0,0.2727272727272727,0.0,-2.084881366789693,-5.637680918804859,-18.852530643366006,-6.996928132011382,23.076923076923077,0.5593653298187155,13.0,0.23076923076923078,0.0,flat,0.006278071725191247,1.278109816571255,0.05806571385018804,1546,3013
2,10,0.5,0.04788471870976132,-0.0006662686322350055,0.8725611659757604,-15.098564697058148,32.407407407407405,1.0030662551049379,216.0,0.0,0.8935185185185185,1.2292706238572197,10.066722778896125,36.32673643320705,-9.798467967311685,33.663366336633665,1.2870303629890842,101.0,0.0,0.900990099009901,flat,0.019927878846128316,0.9283240021469473,0.04799862570701503,1547,3039
2,10,1.0,-1.1353260278104296,-12.335436768873,-20.42879921702022,-19.513349352578146,30.05181347150259,0.8471529985023384,193.0,0.0,0.7357512953367875,0.6070410941506947,5.238754060946265,17.935502544681746,-10.2797276727435,35.483870967741936,1.1543066203860215,93.0,0.0,0.6881720430107527,flat,0.019927878846128316,0.9283240021469473,0.04799862570701503,1547,3039
2,10,1.5,0.13229981855482675,0.7557357615876478,3.378428275332812,-14.78550843392641,32.91139240506329,1.0271645388732842,158.0,0.0,0.6392405063291139,0.9041248573352013,8.633486122339894,30.674386225230865,-10.57270526042604,37.9746835443038,1.2903835560657553,79.0,0.012658227848101266,0.6075949367088608,flat,0.019927878846128316,0.9283240021469473,0.04799862570701503,1547,3039
2,10,2.0,-1.380797203194493,-15.60843663960445,-25.923753364968537,-19.275782330667603,29.37062937062937,0.8009696883497849,143.0,0.013986013986013986,0.4965034965034965,0.19401484716500364,1.5274470714476192,5.019430545974091,-13.800430503695637,34.285714285714285,1.1055946131230405,70.0,0.02857142857142857,0.5,flat,0.019927878846128316,0.9283240021469473,0.04799862570701503,1547,3039
2,20,0.5,-0.5158190966058059,-5.075203951624967,-9.330696413034644,-13.273259756248912,30.76923076923077,0.8431409533033074,117.0,0.008547008547008548,0.6837606837606838,0.34760892398715376,2.2950575290147217,7.606400189592355,-10.99514140265676,31.666666666666664,1.083889534504687,60.0,0.0,0.6833333333333333,flat,0.019927878846128316,0.9283240021469473,0.04799862570701503,1547,3039
2,20,1.0,-0.5063950688870831,-5.62831748168387,-10.3216988740777,-16.82226846257041,30.630630630630627,0.8495862305013026,111.0,0.009009009009009009,0.5405405405405406,0.26816290918975005,1.8519860504377519,6.1078760743493055,-11.440587968849126,30.357142857142854,1.0858081831248247,56.0,0.03571428571428571,0.48214285714285715,flat,0.019927878846128316,0.9283240021469473,0.04799862570701503,1547,3039
2,20,1.5,-1.194816500208625,-12.375487319171462,-21.99868864284903,-18.624888068387037,29.629629629629626,0.7693802689934386,108.0,0.018518518518518517,0.4074074074074074,0.10806431708327004,0.7424627034496865,2.418650792996191,-11.58381313912422,31.48148148148148,1.0533596337198154,54.0,0.037037037037037035,0.4074074074074074,flat,0.019927878846128316,0.9283240021469473,0.04799862570701503,1547,3039
2,20,2.0,-0.9877804742014773,-10.67409503167281,-19.126117753037207,-19.201389777735212,30.392156862745097,0.7786350100467279,102.0,0.049019607843137254,0.3627450980392157,0.6242298468857863,4.500029281918263,15.281791307016857,-11.21978000633449,33.33333333333333,1.1807850785183651,48.0,0.08333333333333333,0.3125,flat,0.019927878846128316,0.9283240021469473,0.04799862570701503,1547,3039
2,40,0.5,-2.6217960930270787,-19.26914857997632,-33.13808320291177,-22.741662981596534,26.666666666666668,0.5739547043018441,75.0,0.04,0.4533333333333333,-1.8056244751868644,-7.692245435483079,-22.786613066108362,-15.706863095002188,26.190476190476193,0.7928099481740225,42.0,0.09523809523809523,0.3333333333333333,flat,0.019927878846128316,0.9283240021469473,0.04799862570701503,1547,3039
2,40,1.0,-2.9912899533658064,-22.21934900845966,-37.65905127343995,-24.277769899457446,24.324324324324326,0.5290878465659618,74.0,0.06756756756756757,0.28378378378378377,0.3914045360648863,2.0978287429789315,6.9375552059424805,-9.224075365380568,36.84210526315789,1.1234661497232385,38.0,0.15789473684210525,0.23684210526315788,flat,0.019927878846128316,0.9283240021469473,0.04799862570701503,1547,3039
2,40,1.5,-2.705166706485415,-20.890992758041925,-35.641784122786014,-22.984554377340782,23.61111111111111,0.5808081987111773,72.0,0.09722222222222222,0.19444444444444445,-0.43495265341422495,-2.2567596535626335,-7.109239095608643,-12.530038276568312,28.947368421052634,0.9497645911804048,38.0,0.18421052631578946,0.13157894736842105,flat,0.019927878846128316,0.9283240021469473,0.04799862570701503,1547,3039
2,40,2.0,-1.7804745748553645,-15.423450259881477,-27.022916982956314,-18.50004847999004,23.943661971830984,0.6981417554472064,71.0,0.18309859154929578,0.09859154929577464,-0.43495265341422495,-2.2567596535626335,-7.109239095608643,-12.530038276568312,28.947368421052634,0.9497645911804048,38.0,0.18421052631578946,0.13157894736842105,flat,0.019927878846128316,0.9283240021469473,0.04799862570701503,1547,3039
2,80,0.5,-2.7939976136319413,-17.750604922728787,-30.753339724001293,-17.750604922728787,20.754716981132077,0.5142732799369478,53.0,0.18867924528301888,0.09433962264150944,-2.8180473405127033,-9.72664085614666,-28.150568954720256,-16.756383867927582,17.24137931034483,0.6018048652241877,29.0,0.13793103448275862,0.0,flat,0.019927878846128316,0.9283240021469473,0.04799862570701503,1547,3039
2,80,1.0,-3.017063349113751,-19.131582417903434,-32.923659718646,-19.131582417903438,16.9811320754717,0.4870762056101705,53.0,0.18867924528301888,0.05660377358490566,-2.8180473405127033,-9.72664085614666,-28.150568954720256,-16.756383867927582,17.24137931034483,0.6018048652241877,29.0,0.13793103448275862,0.0,flat,0.019927878846128316,0.9283240021469473,0.04799862570701503,1547,3039
2,80,1.5,-3.1003806775779195,-19.56918174580423,-33.6046275702548,-19.569181745804233,16.9811320754717,0.479222950822165,53.0,0.20754716981132076,0.03773584905660377,-2.8180473405127033,-9.72664085614666,-28.150568954720256,-16.756383867927582,17.24137931034483,0.6018048652241877,29.0,0.13793103448275862,0.0,flat,0.019927878846128316,0.9283240021469473,0.04799862570701503,1547,3039
2,80,2.0,-2.659462341742383,-17.070677698726207,-29.6728972493713,-17.07067769872621,18.867924528301888,0.5402408307974513,53.0,0.22641509433962265,0.0,-2.8180473405127033,-9.72664085614666,-28.150568954720256,-16.756383867927582,17.24137931034483,0.6018048652241877,29.0,0.13793103448275862,0.0,flat,0.019927878846128316,0.9283240021469473,0.04799862570701503,1547,3039
2,160,0.5,-2.4626637743477238,-12.82104736694882,-22.742914334806198,-15.114916455993955,21.875,0.468310595854004,32.0,0.25,0.03125,-1.3237070044030637,-3.6139456167542257,-11.212142271803682,-7.391671178108982,30.76923076923077,0.6066580390027023,13.0,0.23076923076923078,0.0,flat,0.019927878846128316,0.9283240021469473,0.04799862570701503,1547,3039
2,160,1.0,-2.4626637743477238,-12.82104736694882,-22.742914334806198,-15.114916455993955,21.875,0.468310595854004,32.0,0.25,0.03125,-1.3237070044030637,-3.6139456167542257,-11.212142271803682,-7.391671178108982,30.76923076923077,0.6066580390027023,13.0,0.23076923076923078,0.0,flat,0.019927878846128316,0.9283240021469473,0.04799862570701503,1547,3039
2,160,1.5,-2.4626637743477238,-12.82104736694882,-22.742914334806198,-15.114916455993955,21.875,0.468310595854004,32.0,0.28125,0.0,-1.3237070044030637,-3.6139456167542257,-11.212142271803682,-7.391671178108982,30.76923076923077,0.6066580390027023,13.0,0.23076923076923078,0.0,flat,0.019927878846128316,0.9283240021469473,0.04799862570701503,1547,3039
2,160,2.0,-2.4626637743477238,-12.82104736694882,-22.742914334806198,-15.114916455993955,21.875,0.468310595854004,32.0,0.28125,0.0,-1.3237070044030637,-3.6139456167542257,-11.212142271803682,-7.391671178108982,30.76923076923077,0.6066580390027023,13.0,0.23076923076923078,0.0,flat,0.019927878846128316,0.9283240021469473,0.04799862570701503,1547,3039
3,10,0.5,0.668292324181397,10.073237002205989,15.662745647052013,-18.477843834517792,32.075471698113205,1.076283676123975,212.0,0.0,0.8962264150943396,-2.4662951780655153,-11.965411685127334,-34.4636696871652,-19.57934262553923,33.92857142857143,0.7844450028812144,112.0,0.0,0.875,up,0.03409495986635129,0.8026243503517243,0.049715008962804445,1521,3093
3,10,1.0,-0.12683081606798205,-0.6637604263012763,-2.8825683669335467,-22.029170867058244,33.1578947368421,0.9472533375890436,190.0,0.0,0.7157894736842105,-2.9693962585234748,-14.708095545064124,-40.99282141466857,-22.167553351916926,36.08247422680412,0.7220336725743391,97.0,0.0,0.7319587628865979,up,0.03409495986635129,0.8026243503517243,0.049715008962804445,1521,3093
3,10,1.5,0.6800468074226582,12.733521855199129,20.462757485976834,-14.785426409272484,35.8974358974359,1.1539598881401056,156.0,0.00641025641025641,0.6346153846153846,-0.6248490518558901,-4.178050267725217,-13.195577249694512,-19.56963794049196,36.36363636363637,0.95959418396217,77.0,0.0,0.6493506493506493,up,0.03409495986635129,0.8026243503517243,0.049715008962804445,1521,3093
3,10,2.0,-0.39857742911285843,-4.366686764795985,-8.965685680095959,-18.865499591307955,32.142857142857146,0.9340480918244254,140.0,0.02142857142857143,0.5142857142857142,-1.450887331947432,-9.189636048781534,-27.35832430940728,-25.950796523324083,26.5625,0.8222389568495826,64.0,0.0,0.515625,up,0.03409495986635129,0.8026243503517243,0.049715008962804445,1521,3093
3,20,0.5,0.2821244594500343,4.090857847608661,6.20690403623132,-16.269329627663065,31.03448275862069,0.9727707629522165,116.0,0.008620689655172414,0.6637931034482759,-1.321605251545418,-7.676058621725429,-23.265681160974072,-20.34707773911667,26.153846153846157,0.8515287812956451,65.0,0.0,0.7230769230769231,up,0.03409495986635129,0.8026243503517243,0.049715008962804445,1521,3093
3,20,1.0,0.08820543918995655,1.6243728865274463,1.95759810115812,-17.777163850525913,28.440366972477065,0.952794403217231,109.0,0.03669724770642202,0.48623853211009177,-0.8786557949305674,-5.578307910306752,-17.33088905276783,-24.479985906860502,31.03448275862069,0.9375832388689712,58.0,0.0,0.5862068965517241,up,0.03409495986635129,0.8026243503517243,0.049715008962804445,1521,3093
3,20,1.5,-0.1821150818278384,-1.9038566937438213,-3.995848591399487,-20.002887969774484,28.971962616822427,0.9195920536840887,107.0,0.04672897196261682,0.37383177570093457,-0.6420994427143718,-4.50897459764207,-14.185622366962725,-25.832227869204516,25.454545454545453,0.9304046932932163,55.0,0.03636363636363636,0.41818181818181815,up,0.03409495986635129,0.8026243503517243,0.049715008962804445,1521,3093
3,20,2.0,0.04077012053954025,1.029792613800685,0.943974224602262,-19.20137611445344,30.0,0.9421278551956431,100.0,0.07,0.32,-0.5637612235117668,-4.067334991454554,-12.862571080811913,-25.753340810739335,26.923076923076923,0.9310791069423812,52.0,0.038461538461538464,0.36538461538461536,up,0.03409495986635129,0.8026243503517243,0.049715008962804445,1521,3093
3,40,0.5,-1.0025594437885492,-9.451491922736704,-15.553496692712166,-17.558223783338722,28.000000000000004,0.8393005337448993,75.0,0.09333333333333334,0.38666666666666666,-0.23327915635274832,-1.484300667800277,-4.837592293293113,-18.663216521855862,22.5,1.026043249394497,40.0,0.1,0.375,up,0.03409495986635129,0.8026243503517243,0.049715008962804445,1521,3093
3,40,1.0,-0.36733557206162076,-3.9021151957921685,-6.5526932195237535,-13.859101283160912,33.80281690140845,0.8860595038671182,71.0,0.1267605633802817,0.2676056338028169,-0.6928323777118303,-4.227224159283389,-13.343195583034639,-19.700876829115565,20.51282051282051,0.9295600928869903,39.0,0.10256410256410256,0.23076923076923078,up,0.03409495986635129,0.8026243503517243,0.049715008962804445,1521,3093
3,40,1.5,-0.41762272858917615,-4.479363902140758,-7.506447824693274,-15.876993872943412,28.985507246376812,0.9263491628826291,69.0,0.15942028985507245,0.17391304347826086,-0.43964259716380144,-2.870633239658957,-9.206008052322368,-19.20927463329751,23.684210526315788,0.982800971343527,38.0,0.10526315789473684,0.13157894736842105,up,0.03409495986635129,0.8026243503517243,0.049715008962804445,1521,3093
3,40,2.0,-0.2799718948864027,-3.0486213243858655,-5.135124486076348,-14.616954430408057,28.985507246376812,0.9709129203172457,69.0,0.21739130434782608,0.11594202898550725,-0.31493592860633807,-2.0904667255195206,-6.765302442134036,-18.488442364372336,26.31578947368421,1.0043356973465223,38.0,0.15789473684210525,0.07894736842105263,up,0.03409495986635129,0.8026243503517243,0.049715008962804445,1521,3093
3,80,0.5,-2.4342779188833825,-16.886621340240897,-27.016701457977632,-23.421783324207055,20.754716981132077,0.596976074462011,53.0,0.16981132075471697,0.03773584905660377,-0.7216054031306305,-3.0505524016364824,-9.762474758694474,-9.166894057297215,24.0,0.9043787001651877,25.0,0.2,0.12,up,0.03409495986635129,0.8026243503517243,0.049715008962804445,1521,3093
3,80,1.0,-2.5570238117861757,-17.777312038149578,-28.343418217802785,-24.24249533597478,18.867924528301888,0.5766531561751955,53.0,0.16981132075471697,0.018867924528301886,-1.0257224629835935,-4.269226460340176,-13.469146134885957,-9.856258361773929,20.0,0.860012712821081,25.0,0.2,0.04,up,0.03409495986635129,0.8026243503517243,0.049715008962804445,1521,3093
3,80,1.5,-2.5570238117861757,-17.777312038149578,-28.343418217802785,-24.24249533597478,18.867924528301888,0.5766531561751955,53.0,0.16981132075471697,0.018867924528301886,-1.1359876151820048,-4.752373407161714,-14.908759515725901,-9.856258361773929,20.0,0.8362914322849789,25.0,0.2,0.0,up,0.03409495986635129,0.8026243503517243,0.049715008962804445,1521,3093
3,80,2.0,-2.138838687489774,-15.073532617827807,-24.2850873641122,-21.751261684442504,20.754716981132077,0.6512021433706656,53.0,0.18867924528301888,0.0,-1.1359876151820048,-4.752373407161714,-14.908759515725901,-9.856258361773929,20.0,0.8362914322849789,25.0,0.2,0.0,up,0.03409495986635129,0.8026243503517243,0.049715008962804445,1521,3093
3,160,0.5,-0.6940511471011075,-4.509797705244285,-7.556619740384429,-7.391689715570992,29.629629629629626,0.7566603019418126,27.0,0.25925925925925924,0.0,-1.9159419454719901,-5.681289969315299,-17.629476444945958,-7.814913327060847,13.333333333333334,0.756528380237135,15.0,0.13333333333333333,0.0,up,0.03409495986635129,0.8026243503517243,0.049715008962804445,1521,3093
3,160,1.0,-0.6940511471011075,-4.509797705244285,-7.556619740384429,-7.391689715570992,29.629629629629626,0.7566603019418126,27.0,0.25925925925925924,0.0,-1.9159419454719901,-5.681289969315299,-17.629476444945958,-7.814913327060847,13.333333333333334,0.756528380237135,15.0,0.13333333333333333,0.0,up,0.03409495986635129,0.8026243503517243,0.049715008962804445,1521,3093
3,160,1.5,-0.6940511471011075,-4.509797705244285,-7.556619740384429,-7.391689715570992,29.629629629629626,0.7566603019418126,27.0,0.25925925925925924,0.0,-1.9159419454719901,-5.681289969315299,-17.629476444945958,-7.814913327060847,13.333333333333334,0.756528380237135,15.0,0.13333333333333333,0.0,up,0.03409495986635129,0.8026243503517243,0.049715008962804445,1521,3093
3,160,2.0,-0.6940511471011075,-4.509797705244285,-7.556619740384429,-7.391689715570992,29.629629629629626,0.7566603019418126,27.0,0.25925925925925924,0.0,-1.9159419454719901,-5.681289969315299,-17.629476444945958,-7.814913327060847,13.333333333333334,0.756528380237135,15.0,0.13333333333333333,0.0,up,0.03409495986635129,0.8026243503517243,0.049715008962804445,1521,3093
4,10,0.5,-0.2705205819030266,-3.3937507359495735,-5.493193332283375,-19.579314358326016,33.80281690140845,1.0264477676622938,213.0,0.0,0.892018779342723,-0.13015489574310346,-0.8440056184900111,-3.2822998483911126,-12.48084659558929,27.184466019417474,0.9778995122733216,103.0,0.0,0.8252427184466019,up,0.04502966863251983,0.8590402951039501,0.07267732000282233,1495,3068
4,10,1.0,-0.8220681356884182,-10.491444865505036,-16.587162587483117,-22.16751941945717,36.31578947368421,0.9352672529693828,190.0,0.0,0.7157894736842105,-2.8248593460316735,-13.793038901441951,-44.25602325748511,-20.508255108624375,26.31578947368421,0.7031177830858506,95.0,0.0,0.6526315789473685,up,0.04502966863251983,0.8590402951039501,0.07267732000282233,1495,3068
4,10,1.5,0.22385177532333336,3.586470065709425,5.935452992528578,-19.748544480906727,37.82051282051282,1.1262017996612137,156.0,0.00641025641025641,0.6346153846153846,-0.417136239082129,-3.127415232641948,-11.759899169405818,-14.998271431263843,26.923076923076923,0.9189418394634444,78.0,0.01282051282051282,0.48717948717948717,up,0.04502966863251983,0.8590402951039501,0.07267732000282233,1495,3068
4,10,2.0,-0.6114991934386228,-8.3681537751943,-13.324936292095336,-29.347994672376398,31.343283582089555,0.9619251397128111,134.0,0.014925373134328358,0.5149253731343284,0.465550405339739,4.111189175687172,17.191480395197978,-12.431224303851495,29.230769230769234,1.080636133750295,65.0,0.06153846153846154,0.3384615384615385,up,0.04502966863251983,0.8590402951039501,0.07267732000282233,1495,3068
4,20,0.5,-0.5187882617679307,-6.30119791553478,-10.102708202892618,-21.13581391013937,28.57142857142857,0.9490808152249107,126.0,0.0,0.7142857142857143,-3.9464330567043415,-13.818931422089516,-44.32191923709657,-21.679064875095033,25.37313432835821,0.612973569679218,67.0,0.0,0.6268656716417911,up,0.04502966863251983,0.8590402951039501,0.07267732000282233,1495,3068
4,20,1.0,-0.32146407104740216,-4.240733520981285,-6.845258945379717,-24.80098365367105,30.701754385964914,1.006970666191496,114.0,0.017543859649122806,0.543859649122807,-2.441921554134745,-11.281840272009035,-37.58351379006388,-21.04447072716419,27.419354838709676,0.6999979870499893,62.0,0.016129032258064516,0.45161290322580644,up,0.04502966863251983,0.8590402951039501,0.07267732000282233,1495,3068
4,20,1.5,-0.3036832062946735,-4.207616359203343,-6.792535368431151,-26.809081882840857,28.440366972477065,0.9850679265980786,109.0,0.03669724770642202,0.42201834862385323,-1.6975453726247451,-8.761136483669816,-30.30394020452357,-20.027030354853824,30.357142857142854,0.7406212204924464,56.0,0.017857142857142856,0.35714285714285715,up,0.04502966863251983,0.8590402951039501,0.07267732000282233,1495,3068
4,20,2.0,-0.012565663084889267,-0.18350053801521427,-0.3000982492877058,-25.75334794228089,30.0,1.0460315937549554,100.0,0.06,0.35,-1.7204272253287438,-8.891520387551772,-30.695286520671694,-19.017847156342793,31.48148148148148,0.7293851523691237,54.0,0.05555555555555555,0.3148148148148148,up,0.04502966863251983,0.8590402951039501,0.07267732000282233,1495,3068
4,40,0.5,-0.9110428561451988,-9.393124554082926,-14.905778307373152,-27.437601121303413,24.390243902439025,0.8888559355341009,82.0,0.0975609756097561,0.36585365853658536,0.7685568656652825,5.481223330957629,23.382107547356547,-8.78100181581023,33.33333333333333,1.3122648731696624,33.0,0.06060606060606061,0.5151515151515151,up,0.04502966863251983,0.8590402951039501,0.07267732000282233,1495,3068
4,40,1.0,-0.22287219740990277,-2.5736187218548032,-4.1767814930862235,-22.853906107134492,28.57142857142857,1.0144171812437155,77.0,0.12987012987012986,0.24675324675324675,0.8954629703117524,7.382836507765391,32.37502557863565,-8.424984002512016,37.5,1.4095963906788478,32.0,0.125,0.4375,up,0.04502966863251983,0.8590402951039501,0.07267732000282233,1495,3068
4,40,1.5,-0.46605806605533795,-5.4105494459207755,-8.700189261110491,-24.698688456119143,26.31578947368421,0.9552834004526433,76.0,0.14473684210526316,0.14473684210526316,0.6396958280042053,5.048382675799192,21.40054766526105,-9.118017661905364,31.25,1.2574396890040045,32.0,0.125,0.40625,up,0.04502966863251983,0.8590402951039501,0.07267732000282233,1495,3068
4,40,2.0,-0.4310230452961418,-5.0395597940657755,-8.113497256418178,-24.33664882718025,27.631578947368425,0.9544989670870427,76.0,0.17105263157894737,0.11842105263157894,0.584658019187488,4.53063536565064,19.0615785568788,-10.113457178068085,31.25,1.2004190975152014,32.0,0.1875,0.25,up,0.04502966863251983,0.8590402951039501,0.07267732000282233,1495,3068
4,80,0.5,-1.7866049651242144,-13.225148288902966,-20.715190734634557,-19.556325090428174,20.37037037037037,0.6983503744753283,54.0,0.18518518518518517,0.05555555555555555,0.20849378951943962,0.9018323830718408,3.5982744204799078,-6.038759773968083,31.57894736842105,0.991100866373705,19.0,0.2631578947368421,0.15789473684210525,up,0.04502966863251983,0.8590402951039501,0.07267732000282233,1495,3068
4,80,1.0,-1.9556506529788915,-14.315798631402465,-22.33931221120754,-20.567521296944047,18.51851851851852,0.6837079318537184,54.0,0.18518518518518517,0.018518518518518517,0.17592967055546552,0.7553207573689636,3.007230434279262,-6.038822729298687,31.57894736842105,1.0121434273611696,19.0,0.3157894736842105,0.10526315789473684,up,0.04502966863251983,0.8590402951039501,0.07267732000282233,1495,3068
4,80,1.5,-2.0116572996723985,-14.748246533930395,-22.979659666970086,-20.567521296944047,18.51851851851852,0.6756377023945263,54.0,0.18518518518518517,0.0,0.09581307526752951,0.4100706044120714,1.6244036977782539,-6.038793605590687,31.57894736842105,0.9878210795169332,19.0,0.3157894736842105,0.05263157894736842,up,0.04502966863251983,0.8590402951039501,0.07267732000282233,1495,3068
4,80,2.0,-2.0116572996723985,-14.748246533930395,-22.979659666970086,-20.567521296944047,18.51851851851852,0.6756377023945263,54.0,0.18518518518518517,0.0,0.24636191012630898,1.064341143974231,4.256808109612487,-6.038778405710376,36.84210526315789,1.0333355692720798,19.0,0.3684210526315789,0.0,up,0.04502966863251983,0.8590402951039501,0.07267732000282233,1495,3068
4,160,0.5,-1.8180911347229964,-10.774779966259539,-17.018791713122216,-13.146929583007626,20.689655172413794,0.6131486688279882,29.0,0.20689655172413793,0.0,0.9635559008959121,3.7798700029671424,15.729857737584862,-5.022233083021432,33.33333333333333,1.1802342601857612,12.0,0.3333333333333333,0.08333333333333333,up,0.04502966863251983,0.8590402951039501,0.07267732000282233,1495,3068
4,160,1.0,-1.8180911347229964,-10.774779966259539,-17.018791713122216,-13.146929583007626,20.689655172413794,0.6131486688279882,29.0,0.20689655172413793,0.0,0.9075666869764931,3.554999696921103,14.745614198213808,-5.022233083021432,33.33333333333333,1.1554668812601108,12.0,0.3333333333333333,0.0,up,0.04502966863251983,0.8590402951039501,0.07267732000282233,1495,3068
4,160,1.5,-1.8180911347229964,-10.774779966259539,-17.018791713122216,-13.146929583007626,20.689655172413794,0.6131486688279882,29.0,0.20689655172413793,0.0,0.9075666869764931,3.554999696921103,14.745614198213808,-5.022233083021432,33.33333333333333,1.1554668812601108,12.0,0.3333333333333333,0.0,up,0.04502966863251983,0.8590402951039501,0.07267732000282233,1495,3068
4,160,2.0,-1.8180911347229964,-10.774779966259539,-17.018791713122216,-13.146929583007626,20.689655172413794,0.6131486688279882,29.0,0.20689655172413793,0.0,0.9075666869764931,3.554999696921103,14.745614198213808,-5.022233083021432,33.33333333333333,1.1554668812601108,12.0,0.3333333333333333,0.0,up,0.04502966863251983,0.8590402951039501,0.07267732000282233,1495,3068
